{
	"credit": "Made with Blockbench",
	"ambientocclusion": false,
	"textures": {
		"0": "block/spruce_planks",
		"particle": "block/spruce_planks"
	},
	"elements": [
		{
			"from": [0, 0, 13],
			"to": [3, 16, 16],
			"faces": {
				"north": {"uv": [0, 0, 3, 16], "texture": "#0"},
				"east": {"uv": [0, 0, 3, 16], "texture": "#0"},
				"south": {"uv": [0, 0, 3, 16], "texture": "#0"},
				"west": {"uv": [0, 0, 3, 16], "texture": "#0"},
				"up": {"uv": [0, 0, 3, 3], "texture": "#0"},
				"down": {"uv": [0, 0, 3, 3], "texture": "#0"}
			}
		},
		{
			"from": [13, 0, 13],
			"to": [16, 16, 16],
			"faces": {
				"north": {"uv": [0, 0, 3, 16], "texture": "#0"},
				"east": {"uv": [0, 0, 3, 16], "texture": "#0"},
				"south": {"uv": [0, 0, 3, 16], "texture": "#0"},
				"west": {"uv": [0, 0, 3, 16], "texture": "#0"},
				"up": {"uv": [0, 0, 3, 3], "texture": "#0"},
				"down": {"uv": [0, 0, 3, 3], "texture": "#0"}
			}
		},
		{
			"from": [3, 13, 13.5],
			"to": [13, 15, 15.5],
			"faces": {
				"north": {"uv": [3, 0, 13, 2], "texture": "#0"},
				"east": {"uv": [3, 0, 13, 2], "texture": "#0"},
				"south": {"uv": [3, 0, 13, 2], "texture": "#0"},
				"west": {"uv": [3, 0, 13, 2], "texture": "#0"},
				"up": {"uv": [3, 0, 13, 2], "texture": "#0"},
				"down": {"uv": [3, 0, 13, 2], "texture": "#0"}
			}
		},
		{
			"from": [3, 9, 13.5],
			"to": [13, 11, 15.5],
			"faces": {
				"north": {"uv": [3, 0, 13, 2], "texture": "#0"},
				"east": {"uv": [3, 0, 13, 2], "texture": "#0"},
				"south": {"uv": [3, 0, 13, 2], "texture": "#0"},
				"west": {"uv": [3, 0, 13, 2], "texture": "#0"},
				"up": {"uv": [3, 0, 13, 2], "texture": "#0"},
				"down": {"uv": [3, 0, 13, 2], "texture": "#0"}
			}
		},
		{
			"from": [3, 5, 13.5],
			"to": [13, 7, 15.5],
			"faces": {
				"north": {"uv": [3, 0, 13, 2], "texture": "#0"},
				"east": {"uv": [3, 0, 13, 2], "texture": "#0"},
				"south": {"uv": [3, 0, 13, 2], "texture": "#0"},
				"west": {"uv": [3, 0, 13, 2], "texture": "#0"},
				"up": {"uv": [3, 0, 13, 2], "texture": "#0"},
				"down": {"uv": [3, 0, 13, 2], "texture": "#0"}
			}
		},
		{
			"from": [3, 1, 13.5],
			"to": [13, 3, 15.5],
			"faces": {
				"north": {"uv": [3, 0, 13, 2], "texture": "#0"},
				"east": {"uv": [3, 0, 13, 2], "texture": "#0"},
				"south": {"uv": [3, 0, 13, 2], "texture": "#0"},
				"west": {"uv": [3, 0, 13, 2], "texture": "#0"},
				"up": {"uv": [3, 0, 13, 2], "texture": "#0"},
				"down": {"uv": [3, 0, 13, 2], "texture": "#0"}
			}
		}
	],
	"groups": [
		{
			"name": "group",
			"origin": [0, 0, 0],
			"color": 0,
			"children": [0, 1, 2, 3, 4, 5]
		}
	]
}